Merit_reorderd_ID,Outlet_Number,Rank,Next,Segid,tosegment
1152,0,1,4,74004070,74002584
1141,0,2,4,74004043,74002584
1168,0,3,8,74004097,74002343
845,0,4,8,74002584,74002343
1216,0,5,9,74004202,74002557
1202,0,6,9,74004169,74002557
1185,0,7,10,74004141,74002190
787,0,8,10,74002343,74002190
840,0,9,12,74002557,74002094
739,0,10,12,74002190,74002094
1232,0,11,16,74004229,74002026
715,0,12,16,74002094,74002026
1267,0,13,18,74004283,74002636
1254,0,14,18,74004260,74002636
1255,0,15,20,74004264,74002002
696,0,16,20,74002026,74002002
1273,0,17,22,74004290,74000072
857,0,18,22,74002636,74000072
1257,0,19,24,74004266,74001959
686,0,20,24,74002002,74001959
52,0,21,28,74000080,74000070
45,0,22,28,74000072,74000070
1289,0,23,30,74004309,74001946
672,0,24,30,74001959,74001946
330,0,25,33,74000708,74000483
308,0,26,33,74000676,74000483
223,0,27,34,74000553,74000049
43,0,28,34,74000070,74000049
1270,0,29,36,74004286,74001909
668,0,30,36,74001946,74001909
257,0,31,37,74000595,74000446
220,0,32,37,74000550,74000446
194,0,33,38,74000483,74000047
36,0,34,38,74000049,74000047
1305,0,35,42,74004331,74000071
654,0,36,42,74001909,74000071
184,0,37,44,74000446,74000045
35,0,38,44,74000047,74000045
259,0,39,47,74000597,74000520
244,0,40,47,74000581,74000520
234,0,41,48,74000569,74000061
44,0,42,48,74000071,74000061
315,0,43,50,74000687,74000044
34,0,44,50,74000045,74000044
1288,0,45,52,74004308,74002295
1212,0,46,52,74004189,74002295
208,0,47,55,74000520,74000053
40,0,48,55,74000061,74000053
319,0,49,56,74000694,74000042
33,0,50,56,74000044,74000042
1230,0,51,58,74004225,74002281
767,0,52,58,74002295,74002281
1295,0,53,60,74004317,74002492
1274,0,54,60,74004291,74002492
37,0,55,62,74000053,74000041
32,0,56,62,74000042,74000041
1269,0,57,64,74004285,74002183
759,0,58,64,74002281,74002183
1251,0,59,66,74004253,74002459
823,0,60,66,74002492,74002459
298,0,61,68,74000658,74000039
31,0,62,68,74000041,74000039
1299,0,63,70,74004324,74001250
737,0,64,70,74002183,74001250
1241,0,65,72,74004240,74002323
816,0,66,72,74002459,74002323
275,0,67,76,74000619,74000038
30,0,68,76,74000039,74000038
1266,0,69,78,74004281,74000027
504,0,70,78,74001250,74000027
1242,0,71,80,74004241,74002177
779,0,72,80,74002323,74002177
343,0,73,82,74000727,74000472
314,0,74,82,74000686,74000472
238,0,75,83,74000575,74000037
29,0,76,83,74000038,74000037
221,0,77,84,74000551,74000026
20,0,78,84,74000027,74000026
1262,0,79,86,74004275,74001447
735,0,80,86,74002177,74001447
320,0,81,88,74000696,74000439
191,0,82,88,74000472,74000439
28,0,83,90,74000037,74000025
19,0,84,90,74000026,74000025
1310,0,85,92,74004337,74000029
530,0,86,92,74001447,74000029
309,0,87,93,74000677,74000400
178,0,88,93,74000439,74000400
54,0,89,94,74000083,74000024
18,0,90,94,74000025,74000024
218,0,91,95,74000548,74000028
22,0,92,95,74000029,74000028
168,0,93,96,74000400,74000023
17,0,94,96,74000024,74000023
21,0,95,100,74000028,74000022
16,0,96,100,74000023,74000022
255,0,97,101,74000593,74000532
240,0,98,101,74000577,74000532
215,0,99,102,74000540,74000021
15,0,100,102,74000022,74000021
211,0,101,108,74000532,74000020
14,0,102,108,74000021,74000020
243,0,103,111,74000580,74000533
232,0,104,111,74000566,74000533
1300,0,105,112,74004325,74000076
1284,0,106,112,74004304,74000076
270,0,107,114,74000611,74000019
13,0,108,114,74000020,74000019
1294,0,109,116,74004314,74002596
1264,0,110,116,74004277,74002596
212,0,111,117,74000533,74000060
49,0,112,117,74000076,74000060
287,0,113,118,74000641,74000018
12,0,114,118,74000019,74000018
1293,0,115,120,74004313,74002268
848,0,116,120,74002596,74002268
39,0,117,122,74000060,74000017
11,0,118,122,74000018,74000017
1260,0,119,124,74004273,74002205
755,0,120,124,74002268,74002205
264,0,121,128,74000605,74000016
10,0,122,128,74000017,74000016
1245,0,123,130,74004245,74002134
743,0,124,130,74002205,74002134
1290,0,125,131,74004310,74000074
1263,0,126,131,74004276,74000074
297,0,127,132,74000656,74000015
9,0,128,132,74000016,74000015
1253,0,129,134,74004259,74002129
727,0,130,134,74002134,74002129
47,0,131,136,74000074,74000014
8,0,132,136,74000015,74000014
1259,0,133,138,74004272,74001985
724,0,134,138,74002129,74001985
329,0,135,140,74000707,74000013
7,0,136,140,74000014,74000013
1250,0,137,144,74004251,74001951
680,0,138,144,74001985,74001951
50,0,139,148,74000077,74000012
6,0,140,148,74000013,74000012
1236,0,141,152,74004233,74002330
1227,0,142,152,74004221,74002330
1193,0,143,154,74004155,74001928
670,0,144,154,74001951,74001928
250,0,145,157,74000587,74000058
53,0,146,157,74000082,74000058
277,0,147,158,74000621,74000011
5,0,148,158,74000012,74000011
1156,0,149,162,74004077,74002342
1145,0,150,162,74004049,74002342
1171,0,151,163,74004105,74002032
781,0,152,163,74002330,74002032
1195,0,153,164,74004157,74001918
663,0,154,164,74001928,74001918
370,0,155,166,74000785,74000517
366,0,156,166,74000774,74000517
38,0,157,168,74000058,74000010
4,0,158,168,74000011,74000010
1005,0,159,174,74003672,74002345
946,0,160,174,74003527,74002345
1172,0,161,176,74004108,74002221
786,0,162,176,74002342,74002221
697,0,163,178,74002032,74001911
658,0,164,178,74001918,74001911
310,0,165,180,74000678,74000347
206,0,166,180,74000517,74000347
242,0,167,182,74000579,74000009
3,0,168,182,74000010,74000009
427,0,169,186,74000913,74000430
423,0,170,186,74000902,74000430
969,0,171,188,74003582,74002494
950,0,172,188,74003541,74002494
1042,0,173,190,74003782,74002287
789,0,174,190,74002345,74002287
1150,0,175,194,74004066,74002088
745,0,176,194,74002221,74002088
1163,0,177,196,74004088,74001888
655,0,178,196,74001911,74001888
318,0,179,198,74000692,74000329
147,0,180,198,74000347,74000329
261,0,181,200,74000600,74000008
2,0,182,200,74000009,74000008
424,0,183,203,74000905,74000380
407,0,184,203,74000851,74000380
418,0,185,204,74000888,74000365
176,0,186,204,74000430,74000365
975,0,187,207,74003597,74002433
824,0,188,207,74002494,74002433
999,0,189,208,74003658,74002239
763,0,190,208,74002287,74002239
1108,0,191,210,74003955,74002427
1095,0,192,210,74003920,74002427
1116,0,193,211,74003987,74001995
712,0,194,211,74002088,74001995
1164,0,195,212,74004090,74001887
649,0,196,212,74001888,74001887
294,0,197,216,74000651,74000306
143,0,198,216,74000329,74000306
26,0,199,218,74000034,74000007
1,0,200,218,74000008,74000007
377,0,201,220,74000799,74000304
344,0,202,220,74000728,74000304
159,0,203,222,74000380,74000275
152,0,204,222,74000365,74000275
1044,0,205,223,74003784,74002440
1026,0,206,223,74003718,74002440
807,0,207,224,74002433,74002096
749,0,208,224,74002239,74002096
1082,0,209,225,74003885,74002296
803,0,210,225,74002427,74002296
685,0,211,226,74001995,74001862
648,0,212,226,74001887,74001862
1292,0,213,228,74004312,74002751
1279,0,214,228,74004297,74002751
271,0,215,234,74000613,74000271
138,0,216,234,74000306,74000271
228,0,217,236,74000561,74001236
0,0,218,236,74000007,74001236
324,0,219,240,74000701,74000301
137,0,220,240,74000304,74000301
391,0,221,242,74000824,74000263
127,0,222,242,74000275,74000263
811,0,223,244,74002440,74002076
716,0,224,244,74002096,74002076
768,0,225,246,74002296,74001830
641,0,226,246,74001862,74001830
1287,0,227,248,74004307,74002652
879,0,228,248,74002751,74002652
289,0,229,250,74000643,74000468
274,0,230,250,74000618,74000468
263,0,231,251,74000604,74000444
236,0,232,251,74000572,74000444
249,0,233,252,74000586,74000253
126,0,234,252,74000271,74000253
601,0,235,256,74001730,74001235
503,0,236,256,74001236,74001235
382,0,237,257,74000807,74000441
374,0,238,257,74000792,74000441
361,0,239,258,74000768,74000291
136,0,240,258,74000301,74000291
394,0,241,260,74000829,74000246
124,0,242,260,74000263,74000246
980,0,243,264,74003605,74002040
709,0,244,264,74002076,74002040
1085,0,245,266,74003895,74001828
636,0,246,266,74001830,74001828
1309,0,247,267,74004336,74002539
861,0,248,267,74002652,74002539
222,0,249,268,74000552,74001717
189,0,250,268,74000468,74001717
182,0,251,269,74000444,74001709
120,0,252,269,74000253,74001709
602,0,253,271,74001733,74001648
590,0,254,271,74001714,74001648
1296,0,255,272,74004320,74001234
502,0,256,272,74001235,74001234
180,0,257,278,74000441,74000262
132,0,258,278,74000291,74000262
393,0,259,282,74000827,74000228
117,0,260,282,74000246,74000228
962,0,261,284,74003562,74002351
943,0,262,284,74003498,74002351
984,0,263,286,74003614,74002016
699,0,264,286,74002040,74002016
1099,0,265,288,74003935,74001825
634,0,266,288,74001828,74001825
835,0,267,289,74002539,74001649
592,0,268,289,74001717,74001649
588,0,269,290,74001709,74001502
561,0,270,290,74001514,74001502
582,0,271,294,74001648,74001233
501,0,272,294,74001234,74001233
365,0,273,296,74000773,74000536
357,0,274,296,74000758,74000536
372,0,275,297,74000787,74000519
368,0,276,297,74000781,74000519
337,0,277,298,74000719,74000255
123,0,278,298,74000262,74000255
362,0,279,299,74000769,74000458
353,0,280,299,74000747,74000458
412,0,281,300,74000867,74000213
112,0,282,300,74000228,74000213
963,0,283,301,74003563,74002060
791,0,284,301,74002351,74002060
1004,0,285,302,74003671,74002005
692,0,286,302,74002016,74002005
1091,0,287,304,74003907,74001819
633,0,288,304,74001825,74001819
583,0,289,311,74001649,74001498
555,0,290,311,74001502,74001498
1304,0,291,312,74004330,74001495
559,0,292,312,74001512,74001495
1275,0,293,314,74004292,74001232
500,0,294,314,74001233,74001232
369,0,295,315,74000783,74000500
214,0,296,315,74000536,74000500
207,0,297,316,74000519,74000239
121,0,298,316,74000255,74000239
188,0,299,318,74000458,74000201
102,0,300,318,74000213,74000201
703,0,301,322,74002060,74001924
687,0,302,322,74002005,74001924
1065,0,303,324,74003840,74001806
630,0,304,324,74001819,74001806
1135,0,305,326,74004030,74002708
1125,0,306,326,74004011,74002708
1225,0,307,328,74004217,74002593
1209,0,308,328,74004183,74002593
1240,0,309,330,74004238,74002766
1224,0,310,330,74004213,74002766
554,0,311,331,74001498,74001491
553,0,312,331,74001495,74001491
1228,0,313,332,74004223,74001231
499,0,314,332,74001232,74001231
200,0,315,339,74000500,74000232
115,0,316,339,74000239,74000232
359,0,317,340,74000765,74000191
100,0,318,340,74000201,74000191
998,0,319,341,74003656,74002629
993,0,320,341,74003646,74002629
971,0,321,342,74003585,74001921
662,0,322,342,74001924,74001921
1084,0,323,344,74003893,74001802
624,0,324,344,74001806,74001802
1117,0,325,346,74003990,74002405
870,0,326,346,74002708,74002405
1199,0,327,348,74004162,74002559
847,0,328,348,74002593,74002559
1214,0,329,349,74004192,74002504
886,0,330,349,74002766,74002504
550,0,331,350,74001491,74001230
498,0,332,350,74001231,74001230
419,0,333,352,74000891,74000471
414,0,334,352,74000869,74000471
408,0,335,354,74000852,74000492
406,0,336,354,74000850,74000492
415,0,337,356,74000880,74000503
409,0,338,356,74000859,74000503
113,0,339,358,74000232,74000179
96,0,340,358,74000191,74000179
855,0,341,360,74002629,74001893
659,0,342,360,74001921,74001893
1067,0,343,362,74003849,74001799
623,0,344,362,74001802,74001799
1147,0,345,364,74004061,74002374
800,0,346,364,74002405,74002374
1211,0,347,365,74004188,74002294
841,0,348,365,74002559,74002294
828,0,349,366,74002504,74001229
497,0,350,366,74001230,74001229
422,0,351,368,74000901,74000292
190,0,352,368,74000471,74000292
405,0,353,370,74000849,74000396
198,0,354,370,74000492,74000396
417,0,355,374,74000885,74000449
201,0,356,374,74000503,74000449
345,0,357,376,74000731,74000169
90,0,358,376,74000179,74000169
1009,0,359,380,74003684,74001890
651,0,360,380,74001893,74001890
1049,0,361,382,74003796,74001792
621,0,362,382,74001799,74001792
1167,0,363,383,74004096,74002246
796,0,364,383,74002374,74002246
766,0,365,384,74002294,74001228
496,0,366,384,74001229,74001228
426,0,367,388,74000910,74000288
133,0,368,388,74000292,74000288
400,0,369,390,74000839,74000349
167,0,370,390,74000396,74000349
383,0,371,392,74000809,74000363
325,0,372,392,74000702,74000363
397,0,373,394,74000834,74000415
185,0,374,394,74000449,74000415
349,0,375,396,74000736,74000167
85,0,376,396,74000169,74000167
994,0,377,398,74003649,74002687
992,0,378,398,74003643,74002687
1024,0,379,399,74003716,74001886
650,0,380,399,74001890,74001886
1041,0,381,400,74003773,74001791
617,0,382,400,74001792,74001791
750,0,383,402,74002246,74001227
495,0,384,402,74001228,74001227
431,0,385,404,74000924,74000526
428,0,386,404,74000914,74000526
430,0,387,406,74000923,74000276
131,0,388,406,74000288,74000276
392,0,389,408,74000825,74000285
148,0,390,408,74000349,74000285
347,0,391,409,74000733,74000317
151,0,392,409,74000363,74000317
363,0,393,410,74000770,74000258
172,0,394,410,74000415,74000258
342,0,395,412,74000726,74000165
84,0,396,412,74000167,74000165
1011,0,397,415,74003687,74002555
866,0,398,415,74002687,74002555
647,0,399,416,74001886,74001790
616,0,400,416,74001791,74001790
1170,0,401,418,74004103,74001226
494,0,402,418,74001227,74001226
429,0,403,421,74000921,74000374
209,0,404,421,74000526,74000374
396,0,405,422,74000833,74000250
128,0,406,422,74000276,74000250
351,0,407,424,74000742,74000237
130,0,408,424,74000285,74000237
140,0,409,426,74000317,74000248
122,0,410,426,74000258,74000248
301,0,411,428,74000662,74000159
82,0,412,428,74000165,74000159
1291,0,413,432,74004311,74002757
1265,0,414,432,74004280,74002757
838,0,415,436,74002555,74001789
615,0,416,436,74001790,74001789
1184,0,417,438,74004138,74001225
493,0,418,438,74001226,74001225
425,0,419,440,74000907,74000534
421,0,420,440,74000899,74000534
155,0,421,442,74000374,74000245
119,0,422,442,74000250,74000245
334,0,423,446,74000712,74000226
114,0,424,446,74000237,74000226
292,0,425,448,74000648,74000223
118,0,426,448,74000248,74000223
303,0,427,450,74000666,74000154
80,0,428,450,74000159,74000154
278,0,429,452,74000622,74001720
245,0,430,452,74000582,74001720
1298,0,431,454,74004323,74002473
881,0,432,454,74002757,74002473
1038,0,433,457,74003766,74002782
1036,0,434,457,74003763,74002782
1043,0,435,458,74003783,74001784
614,0,436,458,74001789,74001784
1132,0,437,460,74004027,74001224
492,0,438,460,74001225,74001224
420,0,439,462,74000892,74000485
213,0,440,462,74000534,74000485
398,0,441,464,74000836,74000220
116,0,442,464,74000245,74000220
268,0,443,466,74000609,74000479
241,0,444,466,74000578,74000479
333,0,445,467,74000711,74000218
110,0,446,467,74000226,74000218
291,0,447,468,74000647,74000216
108,0,448,468,74000223,74000216
305,0,449,470,74000671,74000152
78,0,450,470,74000154,74000152
599,0,451,472,74001727,74001647
594,0,452,472,74001720,74001647
1280,0,453,473,74004298,74002397
819,0,454,473,74002473,74002397
262,0,455,474,74000603,74001443
23,0,456,474,74000031,74001443
890,0,457,476,74002782,74001780
611,0,458,476,74001784,74001780
1123,0,459,478,74004005,74001223
491,0,460,478,74001224,74001223
416,0,461,479,74000883,74000367
195,0,462,479,74000485,74000367
411,0,463,480,74000862,74000219
107,0,464,480,74000220,74000219
224,0,465,481,74000554,74000378
193,0,466,481,74000479,74000378
105,0,467,482,74000218,74000194
104,0,468,482,74000216,74000194
300,0,469,484,74000661,74000149
77,0,470,484,74000152,74000149
1301,0,471,485,74004326,74001630
581,0,472,485,74001647,74001630
799,0,473,486,74002397,74001438
529,0,474,486,74001443,74001438
1050,0,475,490,74003802,74001777
610,0,476,490,74001780,74001777
1118,0,477,492,74003992,74001222
490,0,478,492,74001223,74001222
153,0,479,494,74000367,74000215
106,0,480,494,74000219,74000215
158,0,481,496,74000378,74000186
98,0,482,496,74000194,74000186
276,0,483,498,74000620,74000138
76,0,484,498,74000149,74000138
578,0,485,500,74001630,74001436
528,0,486,500,74001438,74001436
1018,0,487,502,74003706,74002501
966,0,488,502,74003574,74002501
1093,0,489,503,74003915,74001773
609,0,490,503,74001777,74001773
1105,0,491,504,74003948,74001221
489,0,492,504,74001222,74001221
385,0,493,506,74000813,74000182
103,0,494,506,74000215,74000182
295,0,495,510,74000652,74001510
94,0,496,510,74000186,74001510
231,0,497,512,74000565,74001707
75,0,498,512,74000138,74001707
1244,0,499,516,74004244,74001433
527,0,500,516,74001436,74001433
1073,0,501,517,74003866,74002043
825,0,502,517,74002501,74002043
607,0,503,518,74001773,74001220
488,0,504,518,74001221,74001220
410,0,505,520,74000861,74000181
92,0,506,520,74000182,74000181
1308,0,507,523,74004335,74002297
1281,0,508,523,74004299,74002297
1303,0,509,524,74004329,74001490
558,0,510,524,74001510,74001490
1306,0,511,525,74004333,74001644
587,0,512,525,74001707,74001644
600,0,513,526,74001728,74001642
593,0,514,526,74001718,74001642
1278,0,515,528,74004295,74001427
526,0,516,528,74001433,74001427
700,0,517,534,74002043,74001219
487,0,518,534,74001220,74001219
413,0,519,536,74000868,74000174
91,0,520,536,74000181,74000174
1248,0,521,537,74004249,74002729
1231,0,522,537,74004227,74002729
769,0,523,538,74002297,74001487
549,0,524,538,74001490,74001487
580,0,525,540,74001644,74001614
579,0,526,540,74001642,74001614
1235,0,527,542,74004232,74001426
525,0,528,542,74001427,74001426
1179,0,529,543,74004124,74002503
1158,0,530,543,74004080,74002503
1215,0,531,544,74004200,74002466
1200,0,532,544,74004163,74002466
1053,0,533,548,74003811,74001218
486,0,534,548,74001219,74001218
375,0,535,550,74000797,74000173
88,0,536,550,74000174,74000173
875,0,537,552,74002729,74001481
547,0,538,552,74001487,74001481
1272,0,539,553,74004289,74001601
577,0,540,553,74001614,74001601
1223,0,541,554,74004212,74001419
524,0,542,554,74001426,74001419
827,0,543,556,74002503,74002339
817,0,544,556,74002466,74002339
1081,0,545,559,74003884,74002120
989,0,546,559,74003627,74002120
1111,0,547,560,74003960,74001217
485,0,548,560,74001218,74001217
402,0,549,562,74000843,74000172
87,0,550,562,74000173,74000172
1206,0,551,564,74004176,74001475
544,0,552,564,74001481,74001475
573,0,553,566,74001601,74001418
523,0,554,566,74001419,74001418
1182,0,555,568,74004136,74002203
785,0,556,568,74002339,74002203
967,0,557,570,74003580,74002765
965,0,558,570,74003567,74002765
722,0,559,572,74002120,74001216
484,0,560,572,74001217,74001216
373,0,561,574,74000790,74000166
86,0,562,574,74000172,74000166
1271,0,563,576,74004287,74001473
541,0,564,576,74001475,74001473
1208,0,565,578,74004182,74001414
522,0,566,578,74001418,74001414
1175,0,567,580,74004118,74002161
742,0,568,580,74002203,74002161
1016,0,569,581,74003701,74002429
885,0,570,581,74002765,74002429
1115,0,571,582,74003981,74001215
483,0,572,582,74001216,74001215
386,0,573,586,74000816,74000161
83,0,574,586,74000166,74000161
1178,0,575,588,74004123,74001469
539,0,576,588,74001473,74001469
1166,0,577,590,74004095,74001409
521,0,578,590,74001414,74001409
1139,0,579,593,74004038,74002065
732,0,580,593,74002161,74002065
805,0,581,594,74002429,74001214
482,0,582,594,74001215,74001214
399,0,583,596,74000837,74000474
390,0,584,596,74000823,74000474
379,0,585,598,74000804,74000155
81,0,586,598,74000161,74000155
1159,0,587,599,74004082,74001464
537,0,588,599,74001469,74001464
1177,0,589,600,74004121,74001406
520,0,590,600,74001409,74001406
1083,0,591,601,74003890,74002457
1075,0,592,601,74003871,74002457
706,0,593,602,74002065,74001213
481,0,594,602,74001214,74001213
403,0,595,603,74000845,74000416
192,0,596,603,74000474,74000416
376,0,597,604,74000798,74000135
79,0,598,604,74000155,74000135
535,0,599,607,74001464,74001402
519,0,600,607,74001406,74001402
815,0,601,608,74002457,74001212
480,0,602,608,74001213,74001212
173,0,603,610,74000416,74000134
74,0,604,610,74000135,74000134
335,0,605,612,74000715,74000512
321,0,606,612,74000697,74000512
518,0,607,614,74001402,74001211
479,0,608,614,74001212,74001211
381,0,609,616,74000806,74000131
73,0,610,616,74000134,74000131
286,0,611,618,74000640,74000421
204,0,612,618,74000512,74000421
1088,0,613,622,74003901,74001210
478,0,614,622,74001211,74001210
387,0,615,624,74000817,74000130
72,0,616,624,74000131,74000130
327,0,617,626,74000704,74000392
174,0,618,626,74000421,74000392
1181,0,619,628,74004133,74002749
1162,0,620,628,74004087,74002749
1144,0,621,632,74004048,74001209
477,0,622,632,74001210,74001209
371,0,623,636,74000786,74000126
71,0,624,636,74000130,74000126
339,0,625,638,74000721,74000381
163,0,626,638,74000392,74000381
1198,0,627,640,74004161,74002502
877,0,628,640,74002749,74002502
1055,0,629,644,74003817,74002311
1019,0,630,644,74003708,74002311
1203,0,631,646,74004171,74001208
476,0,632,646,74001209,74001208
905,0,633,654,74003336,74002723
899,0,634,654,74003285,74002723
384,0,635,656,74000810,74000125
70,0,636,656,74000126,74000125
341,0,637,658,74000725,74000342
160,0,638,658,74000381,74000342
1173,0,639,662,74004111,74002333
826,0,640,662,74002502,74002333
1040,0,641,663,74003771,74002390
1030,0,642,663,74003734,74002390
1014,0,643,664,74003695,74002159
775,0,644,664,74002311,74002159
1090,0,645,666,74003906,74001207
475,0,646,666,74001208,74001207
897,0,647,668,74003276,74002285
892,0,648,668,74003204,74002285
937,0,649,669,74003482,74002706
932,0,650,669,74003456,74002706
961,0,651,670,74003561,74002646
945,0,652,670,74003525,74002646
902,0,653,672,74003308,74002257
873,0,654,672,74002723,74002257
360,0,655,678,74000766,74000122
69,0,656,678,74000125,74000122
273,0,657,684,74000617,74000320
144,0,658,684,74000342,74000320
935,0,659,686,74003466,74002601
926,0,660,686,74003429,74002601
1100,0,661,688,74003936,74002015
782,0,662,688,74002333,74002015
797,0,663,689,74002390,74001945
731,0,664,689,74002159,74001945
1103,0,665,690,74003941,74001206
474,0,666,690,74001207,74001206
903,0,667,692,74003316,74002173
761,0,668,692,74002285,74002173
868,0,669,694,74002706,74002344
859,0,670,694,74002646,74002344
904,0,671,698,74003317,74002186
753,0,672,698,74002257,74002186
404,0,673,700,74000847,74000440
395,0,674,700,74000830,74000440
401,0,675,702,74000842,74000489
389,0,676,702,74000821,74000489
380,0,677,704,74000805,74000121
68,0,678,704,74000122,74000121
336,0,679,706,74000718,74000443
313,0,680,706,74000684,74000443
280,0,681,707,74000626,74000414
248,0,682,707,74000585,74000414
285,0,683,708,74000639,74000278
141,0,684,708,74000320,74000278
940,0,685,714,74003491,74002476
849,0,686,714,74002601,74002476
1120,0,687,719,74003997,74001993
691,0,688,719,74002015,74001993
667,0,689,720,74001945,74001205
473,0,690,720,74001206,74001205
901,0,691,722,74003294,74002146
734,0,692,722,74002173,74002146
951,0,693,723,74003542,74002231
788,0,694,723,74002344,74002231
921,0,695,724,74003405,74002107
913,0,696,724,74003361,74002107
910,0,697,726,74003354,74002006
738,0,698,726,74002186,74002006
388,0,699,727,74000818,74000425
179,0,700,727,74000440,74000425
364,0,701,728,74000772,74000358
196,0,702,728,74000489,74000358
378,0,703,732,74000801,74000120
67,0,704,732,74000121,74000120
354,0,705,733,74000749,74000394
181,0,706,733,74000443,74000394
171,0,707,734,74000414,74000265
129,0,708,734,74000278,74000265
1234,0,709,738,74004231,74002756
1221,0,710,738,74004210,74002756
941,0,711,741,74003493,74002680
930,0,712,741,74003451,74002680
908,0,713,742,74003342,74002291
820,0,714,742,74002476,74002291
1001,0,715,746,74003665,74002024
973,0,716,746,74003587,74002024
1155,0,717,748,74004076,74002552
1142,0,718,748,74004046,74002552
684,0,719,750,74001993,74001204
472,0,720,750,74001205,74001204
907,0,721,752,74003341,74002144
730,0,722,752,74002146,74002144
747,0,723,753,74002231,74002050
720,0,724,753,74002107,74002050
920,0,725,754,74003404,74001948
688,0,726,754,74002006,74001948
175,0,727,756,74000425,74000315
149,0,728,756,74000358,74000315
358,0,729,757,74000759,74000436
340,0,730,757,74000724,74000436
367,0,731,758,74000778,74000119
66,0,732,758,74000120,74000119
165,0,733,760,74000394,74000227
125,0,734,760,74000265,74000227
1286,0,735,763,74004306,74002768
1277,0,736,763,74004294,74002768
1252,0,737,764,74004256,74002630
880,0,738,764,74002756,74002630
230,0,739,766,74000564,74001323
216,0,740,766,74000546,74001323
863,0,741,768,74002680,74002114
764,0,742,768,74002291,74002114
979,0,743,769,74003604,74002614
964,0,744,769,74003564,74002614
987,0,745,770,74003619,74002010
695,0,746,770,74002024,74002010
1140,0,747,774,74004040,74002489
837,0,748,774,74002552,74002489
1072,0,749,776,74003864,74001203
471,0,750,776,74001204,74001203
898,0,751,778,74003278,74002093
728,0,752,778,74002144,74002093
701,0,753,780,74002050,74001897
669,0,754,780,74001948,74001897
355,0,755,781,74000750,74000295
139,0,756,781,74000315,74000295
177,0,757,782,74000436,74000116
65,0,758,782,74000119,74000116
356,0,759,784,74000752,74000225
111,0,760,784,74000227,74000225
1220,0,761,786,74004209,74002564
1194,0,762,786,74004156,74002564
887,0,763,787,74002768,74002371
856,0,764,787,74002630,74002371
1302,0,765,788,74004328,74001319
517,0,766,788,74001323,74001319
917,0,767,789,74003380,74002063
721,0,768,789,74002114,74002063
852,0,769,790,74002614,74001916
690,0,770,790,74002010,74001916
1028,0,771,792,74003731,74002512
1015,0,772,792,74003700,74002512
1107,0,773,797,74003953,74002232
822,0,774,797,74002489,74002232
1079,0,775,798,74003880,74001202
470,0,776,798,74001203,74001202
918,0,777,800,74003394,74002058
714,0,778,800,74002093,74002058
928,0,779,802,74003441,74001877
652,0,780,802,74001897,74001877
135,0,781,806,74000295,74000114
64,0,782,806,74000116,74000114
328,0,783,808,74000706,74000212
109,0,784,808,74000225,74000212
1238,0,785,811,74004235,74002435
842,0,786,811,74002564,74002435
795,0,787,812,74002371,74001317
516,0,788,812,74001319,74001317
705,0,789,816,74002063,74001848
657,0,790,816,74001916,74001848
1034,0,791,820,74003749,74002472
829,0,792,820,74002512,74002472
1126,0,793,822,74004016,74002592
1109,0,794,822,74003958,74002592
1063,0,795,823,74003836,74002556
1058,0,796,823,74003824,74002556
748,0,797,824,74002232,74001201
469,0,798,824,74001202,74001201
909,0,799,825,74003345,74002023
702,0,800,825,74002058,74002023
942,0,801,826,74003497,74001865
645,0,802,826,74001877,74001865
323,0,803,827,74000700,74000499
302,0,804,827,74000664,74000499
332,0,805,828,74000710,74000111
63,0,806,828,74000114,74000111
322,0,807,830,74000698,74000195
101,0,808,830,74000212,74000195
1190,0,809,832,74004152,74002655
1188,0,810,832,74004147,74002655
808,0,811,834,74002435,74001314
515,0,812,834,74001317,74001314
981,0,813,837,74003606,74002450
959,0,814,837,74003558,74002450
986,0,815,838,74003618,74001840
639,0,816,838,74001848,74001840
1021,0,817,839,74003710,74002717
1017,0,818,839,74003702,74002717
1039,0,819,840,74003768,74002292
818,0,820,840,74002472,74002292
1124,0,821,841,74004008,74002521
846,0,822,841,74002592,74002521
839,0,823,842,74002556,74001200
468,0,824,842,74001201,74001200
694,0,825,844,74002023,74001823
643,0,826,844,74001865,74001823
199,0,827,848,74000499,74000108
62,0,828,848,74000111,74000108
239,0,829,850,74000576,74000192
99,0,830,850,74000195,74000192
1233,0,831,852,74004230,74002326
862,0,832,852,74002655,74002326
1297,0,833,854,74004322,74001313
514,0,834,854,74001314,74001313
1002,0,835,855,74003666,74002532
990,0,836,855,74003633,74002532
813,0,837,856,74002450,74001829
637,0,838,856,74001840,74001829
872,0,839,857,74002717,74002083
765,0,840,857,74002292,74002083
831,0,841,858,74002521,74001199
467,0,842,858,74001200,74001199
922,0,843,866,74003407,74001820
632,0,844,866,74001823,74001820
352,0,845,868,74000744,74000377
350,0,846,868,74000740,74000377
348,0,847,870,74000734,74000106
61,0,848,870,74000108,74000106
265,0,849,874,74000606,74000187
97,0,850,874,74000192,74000187
1205,0,851,877,74004174,74002256
780,0,852,877,74002326,74002256
1285,0,853,878,74004305,74001307
513,0,854,878,74001313,74001307
834,0,855,883,74002532,74001812
635,0,856,883,74001829,74001812
711,0,857,884,74002083,74001198
466,0,858,884,74001199,74001198
288,0,859,885,74000642,74000516
284,0,860,885,74000638,74000516
307,0,861,886,74000673,74000452
282,0,862,886,74000631,74000452
972,0,863,890,74003586,74002685
960,0,864,890,74003560,74002685
925,0,865,892,74003428,74001817
631,0,866,892,74001820,74001817
316,0,867,896,74000689,74000360
157,0,868,896,74000377,74000360
326,0,869,898,74000703,74000105
60,0,870,898,74000106,74000105
306,0,871,902,74000672,74000395
279,0,872,902,74000625,74000395
252,0,873,906,74000589,74000184
95,0,874,906,74000187,74000184
1183,0,875,908,74004137,74002637
1176,0,876,908,74004120,74002637
752,0,877,910,74002256,74001305
512,0,878,910,74001307,74001305
1129,0,879,912,74004020,74002125
1101,0,880,912,74003937,74002125
1086,0,881,913,74003897,74002739
1077,0,882,913,74003876,74002739
626,0,883,914,74001812,74001197
465,0,884,914,74001198,74001197
205,0,885,917,74000516,74000376
187,0,886,917,74000452,74000376
976,0,887,923,74003600,74002568
974,0,888,923,74003589,74002568
947,0,889,924,74003535,74002395
864,0,890,924,74002685,74002395
934,0,891,926,74003463,74001814
629,0,892,926,74001817,74001814
312,0,893,928,74000683,74000511
296,0,894,928,74000653,74000511
290,0,895,929,74000646,74000327
150,0,896,929,74000360,74000327
267,0,897,930,74000608,74000102
59,0,898,930,74000105,74000102
235,0,899,932,74000571,74000491
229,0,900,932,74000562,74000491
304,0,901,936,74000667,74000368
166,0,902,936,74000395,74000368
346,0,903,938,74000732,74000409
331,0,904,938,74000709,74000409
317,0,905,939,74000691,74000177
93,0,906,939,74000184,74000177
1151,0,907,942,74004069,74002276
858,0,908,942,74002637,74002276
1226,0,909,944,74004219,74001301
511,0,910,944,74001305,74001301
1071,0,911,945,74003863,74002073
723,0,912,945,74002125,74002073
876,0,913,946,74002739,74001196
464,0,914,946,74001197,74001196
311,0,915,950,74000679,74000445
283,0,916,950,74000636,74000445
156,0,917,952,74000376,74000069
48,0,918,952,74000075,74000069
260,0,919,954,74000599,74000531
247,0,920,954,74000584,74000531
916,0,921,956,74003378,74002686
912,0,922,956,74003357,74002686
843,0,923,958,74002568,74002300
798,0,924,958,74002395,74002300
938,0,925,960,74003486,74001813
628,0,926,960,74001814,74001813
281,0,927,961,74000628,74000385
203,0,928,961,74000511,74000385
142,0,929,962,74000327,74000100
58,0,930,962,74000102,74000100
217,0,931,965,74000547,74001724
197,0,932,965,74000491,74001724
258,0,933,966,74000596,74001723
254,0,934,966,74000591,74001723
272,0,935,969,74000616,74000345
154,0,936,969,74000368,74000345
338,0,937,970,74000720,74000344
170,0,938,970,74000409,74000344
89,0,939,972,74000177,74000033
27,0,940,972,74000035,74000033
1192,0,941,975,74004154,74002145
757,0,942,975,74002276,74002145
1258,0,943,976,74004268,74001299
510,0,944,976,74001301,74001299
707,0,945,978,74002073,74001195
463,0,946,978,74001196,74001195
299,0,947,984,74000660,74000406
256,0,948,984,74000594,74000406
251,0,949,985,74000588,74000393
183,0,950,985,74000445,74000393
226,0,951,986,74000558,74000065
42,0,952,986,74000069,74000065
293,0,953,988,74000650,74000450
210,0,954,988,74000531,74000450
919,0,955,990,74003401,74002608
865,0,956,990,74002686,74002608
982,0,957,994,74003611,74002230
771,0,958,994,74002300,74002230
955,0,959,996,74003552,74001811
627,0,960,996,74001813,74001811
162,0,961,998,74000385,74000099
57,0,962,998,74000100,74000099
1307,0,963,1001,74004334,74001651
603,0,964,1001,74001734,74001651
598,0,965,1002,74001724,74001650
597,0,966,1002,74001723,74001650
233,0,967,1003,74000567,74000507
227,0,968,1003,74000559,74000507
146,0,969,1004,74000345,74000293
145,0,970,1004,74000344,74000293
46,0,971,1006,74000073,74000032
25,0,972,1006,74000033,74000032
1131,0,973,1009,74004025,74002769
1127,0,974,1009,74004017,74002769
729,0,975,1010,74002145,74001294
509,0,976,1010,74001299,74001294
1027,0,977,1012,74003728,74001194
462,0,978,1012,74001195,74001194
1213,0,979,1014,74004191,74002364
1204,0,980,1014,74004172,74002364
1276,0,981,1016,74004293,74002513
1246,0,982,1016,74004247,74002513
225,0,983,1017,74000555,74001716
169,0,984,1017,74000406,74001716
164,0,985,1018,74000393,74001540
41,0,986,1018,74000065,74001540
269,0,987,1022,74000610,74000384
186,0,988,1022,74000450,74000384
929,0,989,1024,74003450,74002432
850,0,990,1024,74002608,74002432
1023,0,991,1027,74003714,74002420
1007,0,992,1027,74003682,74002420
988,0,993,1028,74003626,74002191
746,0,994,1028,74002230,74002191
948,0,995,1030,74003537,74001800
625,0,996,1030,74001811,74001800
253,0,997,1032,74000590,74000097
56,0,998,1032,74000099,74000097
1256,0,999,1033,74004265,74002750
1239,0,1000,1033,74004236,74002750
585,0,1001,1034,74001651,74001612
584,0,1002,1034,74001650,74001612
202,0,1003,1035,74000507,74001711
134,0,1004,1035,74000293,74001711
51,0,1005,1036,74000078,74001508
24,0,1006,1036,74000032,74001508
1243,0,1007,1038,74004243,74002650
1217,0,1008,1038,74004205,74002650
888,0,1009,1040,74002769,74001289
508,0,1010,1040,74001294,74001289
1062,0,1011,1042,74003835,74001193
461,0,1012,1042,74001194,74001193
1186,0,1013,1044,74004142,74002272
794,0,1014,1044,74002364,74002272
1282,0,1015,1045,74004301,74002284
830,0,1016,1045,74002513,74002284
591,0,1017,1046,74001716,74001534
564,0,1018,1046,74001540,74001534
266,0,1019,1047,74000607,74001721
237,0,1020,1047,74000574,74001721
246,0,1021,1048,74000583,74001513
161,0,1022,1048,74000384,74001513
952,0,1023,1050,74003544,74002265
806,0,1024,1050,74002432,74002265
1012,0,1025,1051,74003689,74002764
1010,0,1026,1051,74003686,74002764
801,0,1027,1052,74002420,74002061
740,0,1028,1052,74002191,74002061
958,0,1029,1054,74003557,74001798
622,0,1030,1054,74001800,74001798
219,0,1031,1056,74000549,74001706
55,0,1032,1056,74000097,74001706
878,0,1033,1058,74002750,74001609
576,0,1034,1058,74001612,74001609
589,0,1035,1062,74001711,74001492
557,0,1036,1062,74001508,74001492
1222,0,1037,1064,74004211,74002334
860,0,1038,1064,74002650,74002334
1149,0,1039,1066,74004063,74001284
507,0,1040,1066,74001289,74001284
1052,0,1041,1068,74003810,74001192
460,0,1042,1068,74001193,74001192
1189,0,1043,1072,74004149,74002133
756,0,1044,1072,74002272,74002133
760,0,1045,1073,74002284,74001530
563,0,1046,1073,74001534,74001530
595,0,1047,1074,74001721,74001503
560,0,1048,1074,74001513,74001503
956,0,1049,1076,74003553,74002210
754,0,1050,1076,74002265,74002210
884,0,1051,1078,74002764,74001941
704,0,1052,1078,74002061,74001941
970,0,1053,1080,74003584,74001797
620,0,1054,1080,74001798,74001797
1237,0,1055,1082,74004234,74001595
586,0,1056,1082,74001706,74001595
1247,0,1057,1084,74004248,74001603
575,0,1058,1084,74001609,74001603
1207,0,1059,1085,74004181,74002759
1197,0,1060,1085,74004160,74002759
1261,0,1061,1086,74004274,74001488
551,0,1062,1086,74001492,74001488
1153,0,1063,1088,74004073,74002099
783,0,1064,1088,74002334,74002099
1110,0,1065,1089,74003959,74001277
506,0,1066,1089,74001284,74001277
1094,0,1067,1090,74003916,74001191
459,0,1068,1090,74001192,74001191
1154,0,1069,1091,74004075,74002280
1128,0,1070,1091,74004018,74002280
1229,0,1071,1092,74004224,74002100
726,0,1072,1092,74002133,74002100
562,0,1073,1096,74001530,74001493
556,0,1074,1096,74001503,74001493
983,0,1075,1098,74003612,74002098
744,0,1076,1098,74002210,74002098
1056,0,1077,1100,74003818,74001914
666,0,1078,1100,74001941,74001914
978,0,1079,1102,74003603,74001793
619,0,1080,1102,74001797,74001793
1219,0,1081,1104,74004207,74001581
572,0,1082,1104,74001595,74001581
1218,0,1083,1105,74004206,74001591
574,0,1084,1105,74001603,74001591
882,0,1085,1106,74002759,74001482
548,0,1086,1106,74001488,74001482
1148,0,1087,1107,74004062,74001968
718,0,1088,1107,74002099,74001968
505,0,1089,1108,74001277,74001190
458,0,1090,1108,74001191,74001190
758,0,1091,1110,74002280,74002009
719,0,1092,1110,74002100,74002009
1283,0,1093,1113,74004303,74002445
1268,0,1094,1113,74004284,74002445
596,0,1095,1114,74001722,74001485
552,0,1096,1114,74001493,74001485
995,0,1097,1116,74003651,74002039
717,0,1098,1116,74002098,74002039
1046,0,1099,1118,74003786,74001907
656,0,1100,1118,74001914,74001907
1003,0,1101,1120,74003670,74001788
618,0,1102,1120,74001793,74001788
1180,0,1103,1122,74004125,74001575
570,0,1104,1122,74001581,74001575
571,0,1105,1124,74001591,74001474
545,0,1106,1124,74001482,74001474
675,0,1107,1126,74001968,74001189
457,0,1108,1126,74001190,74001189
1119,0,1109,1128,74003995,74001987
689,0,1110,1128,74002009,74001987
1249,0,1111,1129,74004250,74002356
1174,0,1112,1129,74004116,74002356
812,0,1113,1130,74002445,74001478
546,0,1114,1130,74001485,74001478
1025,0,1115,1132,74003717,74001986
698,0,1116,1132,74002039,74001986
1022,0,1117,1135,74003713,74001861
653,0,1118,1135,74001907,74001861
996,0,1119,1136,74003653,74001786
613,0,1120,1136,74001788,74001786
1160,0,1121,1138,74004083,74001573
569,0,1122,1138,74001575,74001573
1146,0,1123,1142,74004053,74001470
540,0,1124,1142,74001474,74001470
1130,0,1125,1144,74004023,74001188
456,0,1126,1144,74001189,74001188
1113,0,1127,1145,74003977,74001970
682,0,1128,1145,74001987,74001970
792,0,1129,1146,74002356,74001476
543,0,1130,1146,74001478,74001476
1031,0,1131,1148,74003738,74001982
681,0,1132,1148,74001986,74001982
1076,0,1133,1149,74003873,74002301
1070,0,1134,1149,74003862,74002301
640,0,1135,1150,74001861,74001774
612,0,1136,1150,74001786,74001774
1134,0,1137,1152,74004029,74001571
568,0,1138,1152,74001573,74001571
1196,0,1139,1154,74004159,74002763
1187,0,1140,1154,74004146,74002763
1143,0,1141,1155,74004047,74001466
538,0,1142,1155,74001470,74001466
1092,0,1143,1156,74003910,74001187
455,0,1144,1156,74001188,74001187
677,0,1145,1160,74001970,74001463
542,0,1146,1160,74001476,74001463
1047,0,1147,1162,74003790,74001966
679,0,1148,1162,74001982,74001966
772,0,1149,1164,74002301,74001768
608,0,1150,1164,74001774,74001768
1122,0,1151,1166,74004002,74001567
567,0,1152,1166,74001571,74001567
1169,0,1153,1167,74004101,74002437
883,0,1154,1167,74002763,74002437
536,0,1155,1168,74001466,74001186
454,0,1156,1168,74001187,74001186
1114,0,1157,1169,74003978,74002704
1102,0,1158,1169,74003939,74002704
1097,0,1159,1170,74003930,74001460
534,0,1160,1170,74001463,74001460
1057,0,1161,1171,74003820,74001935
674,0,1162,1171,74001966,74001935
1069,0,1163,1172,74003858,74001763
606,0,1164,1172,74001768,74001763
1104,0,1165,1173,74003945,74001562
566,0,1166,1173,74001567,74001562
810,0,1167,1174,74002437,74001185
453,0,1168,1174,74001186,74001185
867,0,1169,1176,74002704,74001455
533,0,1170,1176,74001460,74001455
664,0,1171,1177,74001935,74001761
605,0,1172,1177,74001763,74001761
565,0,1173,1178,74001562,74001184
452,0,1174,1178,74001185,74001184
1064,0,1175,1179,74003839,74001454
532,0,1176,1179,74001455,74001454
604,0,1177,1180,74001761,74001183
451,0,1178,1180,74001184,74001183
531,0,1179,1184,74001454,74001182
450,0,1180,1184,74001183,74001182
1087,0,1181,1189,74003900,74002359
1048,0,1182,1189,74003795,74002359
1033,0,1183,1190,74003742,74001181
449,0,1184,1190,74001182,74001181
1096,0,1185,1201,74003928,74002728
1089,0,1186,1201,74003905,74002728
1121,0,1187,1202,74004001,74002428
1074,0,1188,1202,74003867,74002428
793,0,1189,1206,74002359,74001180
448,0,1190,1206,74001181,74001180
1138,0,1191,1207,74004037,74002783
1136,0,1192,1207,74004032,74002783
1201,0,1193,1208,74004167,74002529
1165,0,1194,1208,74004094,74002529
1161,0,1195,1209,74004085,74002619
1133,0,1196,1209,74004028,74002619
1210,0,1197,1210,74004185,74002315
1191,0,1198,1210,74004153,74002315
894,0,1199,1214,74003259,74002453
893,0,1200,1214,74003209,74002453
874,0,1201,1216,74002728,74002318
804,0,1202,1216,74002428,74002318
1060,0,1203,1217,74003832,74002611
1054,0,1204,1217,74003812,74002611
1029,0,1205,1218,74003733,74001179
447,0,1206,1218,74001180,74001179
891,0,1207,1220,74002783,74002346
833,0,1208,1220,74002529,74002346
853,0,1209,1222,74002619,74002180
777,0,1210,1222,74002315,74002180
915,0,1211,1224,74003375,74002776
911,0,1212,1224,74003356,74002776
896,0,1213,1226,74003275,74002436
814,0,1214,1226,74002453,74002436
1061,0,1215,1228,74003833,74002302
778,0,1216,1228,74002318,74002302
851,0,1217,1230,74002611,74001178
446,0,1218,1230,74001179,74001178
1137,0,1219,1231,74004033,74002314
790,0,1220,1231,74002346,74002314
1112,0,1221,1232,74003965,74002074
736,0,1222,1232,74002180,74002074
906,0,1223,1236,74003337,74002625
889,0,1224,1236,74002776,74002625
895,0,1225,1238,74003273,74002336
809,0,1226,1238,74002436,74002336
1037,0,1227,1239,74003765,74002131
773,0,1228,1239,74002302,74002131
1013,0,1229,1240,74003693,74001177
445,0,1230,1240,74001178,74001177
776,0,1231,1242,74002314,74002018
708,0,1232,1242,74002074,74002018
944,0,1233,1244,74003511,74002716
936,0,1234,1244,74003477,74002716
933,0,1235,1245,74003460,74002299
854,0,1236,1245,74002625,74002299
900,0,1237,1246,74003291,74002196
784,0,1238,1246,74002336,74002196
725,0,1239,1252,74002131,74001176
444,0,1240,1252,74001177,74001176
1106,0,1241,1254,74003950,74001990
693,0,1242,1254,74002018,74001990
924,0,1243,1256,74003419,74002286
871,0,1244,1256,74002716,74002286
770,0,1245,1258,74002299,74002078
741,0,1246,1258,74002196,74002078
1032,0,1247,1260,74003740,74002571
1000,0,1248,1260,74003660,74002571
991,0,1249,1262,74003641,74002707
985,0,1250,1262,74003617,74002707
1051,0,1251,1264,74003809,74001175
443,0,1252,1264,74001176,74001175
1157,0,1253,1268,74004078,74001969
683,0,1254,1268,74001990,74001969
927,0,1255,1269,74003437,74002169
762,0,1256,1269,74002286,74002169
914,0,1257,1270,74003366,74001979
710,0,1258,1270,74002078,74001979
1006,0,1259,1272,74003676,74002480
844,0,1260,1272,74002571,74002480
1008,0,1261,1273,74003683,74002547
869,0,1262,1273,74002707,74002547
1020,0,1263,1274,74003709,74001174
442,0,1264,1274,74001175,74001174
1080,0,1265,1276,74003883,74002526
1078,0,1266,1276,74003879,74002526
1098,0,1267,1278,74003932,74001955
676,0,1268,1278,74001969,74001955
733,0,1269,1280,74002169,74001960
678,0,1270,1280,74001979,74001960
1066,0,1271,1283,74003847,74002255
821,0,1272,1283,74002480,74002255
836,0,1273,1284,74002547,74001173
441,0,1274,1284,74001174,74001173
1068,0,1275,1286,74003851,74002425
832,0,1276,1286,74002526,74002425
1059,0,1277,1288,74003828,74001922
671,0,1278,1288,74001955,74001922
931,0,1279,1290,74003455,74001940
673,0,1280,1290,74001960,74001940
957,0,1281,1291,74003556,74002092
949,0,1282,1291,74003540,74002092
751,0,1283,1292,74002255,74001172
440,0,1284,1292,74001173,74001172
1045,0,1285,1293,74003785,74002304
802,0,1286,1293,74002425,74002304
1035,0,1287,1294,74003761,74001885
660,0,1288,1294,74001922,74001885
923,0,1289,1295,74003415,74001923
665,0,1290,1295,74001940,74001923
713,0,1291,1296,74002092,74001171
439,0,1292,1296,74001172,74001171
774,0,1293,1298,74002304,74001875
646,0,1294,1298,74001885,74001875
661,0,1295,1300,74001923,74001170
438,0,1296,1300,74001171,74001170
997,0,1297,1302,74003654,74001863
644,0,1298,1302,74001875,74001863
939,0,1299,1304,74003490,74001169
437,0,1300,1304,74001170,74001169
968,0,1301,1305,74003581,74001841
642,0,1302,1305,74001863,74001841
953,0,1303,1306,74003547,74001168
436,0,1304,1306,74001169,74001168
638,0,1305,1308,74001841,74001167
435,0,1306,1308,74001168,74001167
954,0,1307,1310,74003549,74001166
434,0,1308,1310,74001167,74001166
977,0,1309,1389,74003601,74001165
433,0,1310,1389,74001166,74001165
1379,1,1311,1317,71046371,71045368
1378,1,1312,1317,71046334,71045368
1381,1,1313,1318,71046443,71045362
1380,1,1314,1318,71046377,71045362
1385,1,1315,1320,71046658,71045424
1384,1,1316,1320,71046614,71045424
1376,1,1317,1322,71045368,71045073
1375,1,1318,1322,71045362,71045073
1383,1,1319,1323,71046613,71045014
1377,1,1320,1323,71045424,71045014
1382,1,1321,1324,71046464,71044967
1373,1,1322,1324,71045073,71044967
1372,1,1323,1328,71045014,71044879
1371,1,1324,1328,71044967,71044879
1388,1,1325,1329,71046869,71045147
1386,1,1326,1329,71046761,71045147
1387,1,1327,1330,71046764,71044857
1370,1,1328,1330,71044879,71044857
1374,1,1329,1334,71045147,71044804
1369,1,1330,1334,71044857,71044804
1342,1,1331,1338,71041645,71039751
1322,1,1332,1338,71039761,71039751
1389,1,1333,1341,71046901,71044780
1368,1,1334,1341,71044804,71044780
1349,1,1335,1343,71041839,71041537
1347,1,1336,1343,71041792,71041537
1343,1,1337,1344,71041661,71039737
1321,1,1338,1344,71039751,71039737
1341,1,1339,1348,71041578,71039996
1327,1,1340,1348,71040065,71039996
1367,1,1341,1349,71044780,71039810
1366,1,1342,1349,71044470,71039810
1340,1,1343,1350,71041537,71039734
1320,1,1344,1350,71039737,71039734
1350,1,1345,1352,71041859,71041258
1348,1,1346,1352,71041817,71041258
1344,1,1347,1354,71041673,71039970
1326,1,1348,1354,71039996,71039970
1323,1,1349,1356,71039810,71039732
1319,1,1350,1356,71039734,71039732
1352,1,1351,1358,71041904,71040908
1338,1,1352,1358,71041258,71040908
1345,1,1353,1359,71041740,71039916
1325,1,1354,1359,71039970,71039916
1346,1,1355,1360,71041765,71039731
1318,1,1356,1360,71039732,71039731
1354,1,1357,1366,71042108,71040864
1333,1,1358,1366,71040908,71040864
1324,1,1359,1370,71039916,71039723
1317,1,1360,1370,71039731,71039723
1360,1,1361,1371,71042527,71041481
1359,1,1362,1371,71042479,71041481
1362,1,1363,1372,71042640,71041250
1361,1,1364,1372,71042529,71041250
1357,1,1365,1374,71042248,71040779
1332,1,1366,1374,71040864,71040779
1355,1,1367,1375,71042201,71041129
1351,1,1368,1375,71041898,71041129
1353,1,1369,1376,71042043,71039711
1316,1,1370,1376,71039723,71039711
1339,1,1371,1378,71041481,71041180
1337,1,1372,1378,71041250,71041180
1356,1,1373,1380,71042218,71040720
1330,1,1374,1380,71040779,71040720
1335,1,1375,1382,71041129,71039707
1315,1,1376,1382,71039711,71039707
1363,1,1377,1384,71042682,71040959
1336,1,1378,1384,71041180,71040959
1364,1,1379,1385,71042702,71040463
1329,1,1380,1385,71040720,71040463
1358,1,1381,1386,71042462,71039686
1314,1,1382,1386,71039707,71039686
1365,1,1383,1387,71042732,71040839
1334,1,1384,1387,71040959,71040839
1328,1,1385,1388,71040463,71039680
1313,1,1386,1388,71039686,71039680
1331,1,1387,1390,71040839,71039679
1312,1,1388,1390,71039680,71039679
432,0,1389,0,74001165,0
1311,1,1390,0,71039679,0
